lake_id,public_name,elev_ts_id,stor_ts_id,inflow_ts_id,outflow_ts_id,top_of_conservation_ft,top_of_normal_ft,top_of_flood_ft
Barren,Barren River Lake,Barren.Elev.Inst.0.0.lrldlb-rev,Barren.Stor.Inst.1Hour.0.lrldlb-rev,Barren.Flow-Inflow.Ave.1Hour.1Hour.lrldlb-rev,Barren.Flow-Outflow.Ave.1Hour.1Hour.lrldlb-rev,552.0,525.0,590.0
Brookville,Brookville Lake,Brookville.Elev.Inst.0.0.lrldlb-rev,Brookville.Stor.Inst.1Hour.0.lrldlb-rev,Brookville.Flow-Inflow.Ave.1Hour.1Hour.lrldlb-rev,Brookville.Flow-Outflow.Ave.1Hour.1Hour.lrldlb-rev,748.0,740.0,775.0
Buckhorn,Buckhorn Lake,Buckhorn.Elev.Inst.0.0.lrldlb-rev,Buckhorn.Stor.Inst.1Hour.0.lrldlb-rev,Buckhorn.Flow-Inflow.Ave.1Hour.1Hour.lrldlb-rev,Buckhorn.Flow-Outflow.Ave.1Hour.1Hour.lrldlb-rev,782.0,782.0,840.0
CJBrown,C. J. Brown Reservoir,CJBrown.Elev.Inst.0.0.lrldlb-rev,CJBrown.Stor.Inst.1Hour.0.lrldlb-rev,CJBrown.Flow-Inflow.Ave.1Hour.1Hour.lrldlb-rev,CJBrown.Flow-Outflow.Ave.1Hour.1Hour.lrldlb-rev,1012.0,1009.0,1023.0
CMHarden,C. M. Harden Lake,CMHarden.Elev.Inst.0.0.lrldlb-rev,CMHarden.Stor.Inst.1Hour.0.lrldlb-rev,CMHarden.Flow-Inflow.Ave.1Hour.1Hour.lrldlb-rev,CMHarden.Flow-Outflow.Ave.1Hour.1Hour.lrldlb-rev,662.0,640.0,690.0
CaesarCreek,Caesar Creek Lake,CaesarCreek.Elev.Inst.0.0.lrldlb-rev,CaesarCreek.Stor.Inst.1Hour.0.lrldlb-rev,CaesarCreek.Flow-Inflow.Ave.1Hour.1Hour.lrldlb-rev,CaesarCreek.Flow-Outflow.Ave.1Hour.1Hour.lrldlb-rev,849.0,846.0,883.0
CaglesMill,Cagles Mill Lake,CaglesMill.Elev.Inst.0.0.lrldlb-rev,CaglesMill.Stor.Inst.1Hour.0.lrldlb-rev,CaglesMill.Flow-Inflow.Ave.1Hour.1Hour.lrldlb-rev,CaglesMill.Flow-Outflow.Ave.1Hour.1Hour.lrldlb-rev,639.5,636.0,704.0
CarrCreek,Carr Creek Lake,CarrCreek.Elev.Inst.0.0.lrldlb-rev,CarrCreek.Stor.Inst.1Hour.0.lrldlb-rev,CarrCreek.Flow-Inflow.Ave.1Hour.1Hour.lrldlb-rev,CarrCreek.Flow-Outflow.Ave.1Hour.1Hour.lrldlb-rev,1028.0,1017.0,1055.0
CaveRun,Cave Run Lake,CaveRun.Elev.Inst.0.0.lrldlb-rev,CaveRun.Stor.Inst.1Hour.0.lrldlb-rev,CaveRun.Flow-Inflow.Ave.1Hour.1Hour.lrldlb-rev,CaveRun.Flow-Outflow.Ave.1Hour.1Hour.lrldlb-rev,730.0,724.0,765.0
Green,Green River Lake,Green.Elev.Inst.0.0.lrldlb-rev,Green.Stor.Inst.1Hour.0.lrldlb-rev,Green.Flow-Inflow.Ave.1Hour.1Hour.lrldlb-rev,Green.Flow-Outflow.Ave.1Hour.1Hour.lrldlb-rev,675.0,668.0,713.0
JERoush,JE Roush Lake,JERoush.Elev.Inst.0.0.lrldlb-rev,JERoush.Stor.Inst.1Hour.0.lrldlb-rev,JERoush.Flow-Inflow.Ave.1Hour.1Hour.lrldlb-rev,JERoush.Flow-Outflow.Ave.1Hour.1Hour.lrldlb-rev,749.0,737.0,798.0
Mississinewa,Mississinewa Lake,Mississinewa.Elev.Inst.0.0.lrldlb-rev,Mississinewa.Stor.Inst.1Hour.0.lrldlb-rev,Mississinewa.Flow-Inflow.Ave.1Hour.1Hour.lrldlb-rev,Mississinewa.Flow-Outflow.Ave.1Hour.1Hour.lrldlb-rev,737.0,712.0,779.0
Monroe,Monroe Lake,Monroe.Elev.Inst.0.0.lrldlb-rev,Monroe.Stor.Inst.1Hour.0.lrldlb-rev,Monroe.Flow-Inflow.Ave.1Hour.1Hour.lrldlb-rev,Monroe.Flow-Outflow.Ave.1Hour.1Hour.lrldlb-rev,538.0,538.0,556.0
Nolin,Nolin Lake,Nolin.Elev.Inst.0.0.lrldlb-rev,Nolin.Stor.Inst.1Hour.0.lrldlb-rev,Nolin.Flow-Inflow.Ave.1Hour.1Hour.lrldlb-rev,Nolin.Flow-Outflow.Ave.1Hour.1Hour.lrldlb-rev,515.0,490.0,560.0
Patoka,Patoka Lake,Patoka.Elev.Inst.0.0.lrldlb-rev,Patoka.Stor.Inst.1Hour.0.lrldlb-rev,Patoka.Flow-Inflow.Ave.1Hour.1Hour.lrldlb-rev,Patoka.Flow-Outflow.Ave.1Hour.1Hour.lrldlb-rev,,536.0,548.0
Rough,Rough River Lake,Rough.Elev.Inst.0.0.lrldlb-rev,Rough.Stor.Inst.1Hour.0.lrldlb-rev,Rough.Flow-Inflow.Ave.1Hour.1Hour.lrldlb-rev,Rough.Flow-Outflow.Ave.1Hour.1Hour.lrldlb-rev,495.0,470.0,524.0
Salamonie,Salamonie Lake,Salamonie.Elev.Inst.0.0.lrldlb-rev,Salamonie.Stor.Inst.1Hour.0.lrldlb-rev,Salamonie.Flow-Inflow.Ave.1Hour.1Hour.lrldlb-rev,Salamonie.Flow-Outflow.Ave.1Hour.1Hour.lrldlb-rev,755.0,730.0,793.0
Taylorsville,Taylorsville Lake,Taylorsville.Elev.Inst.0.0.lrldlb-rev,Taylorsville.Stor.Inst.1Hour.0.lrldlb-rev,Taylorsville.Flow-Inflow.Ave.1Hour.1Hour.lrldlb-rev,Taylorsville.Flow-Outflow.Ave.1Hour.1Hour.lrldlb-rev,547.0,545.0,592.0
WHHarsha,William H. Harsha Lake,WHHarsha.Elev.Inst.0.0.lrldlb-rev,WHHarsha.Stor.Inst.1Hour.0.lrldlb-rev,WHHarsha.Flow-Inflow.Ave.1Hour.1Hour.lrldlb-rev,WHHarsha.Flow-Outflow.Ave.1Hour.1Hour.lrldlb-rev,733.0,729.0,795.0
WestFork,West Fork Mill Creek Lake,WestFork.Elev.Inst.0.0.lrldlb-rev,WestFork.Stor.Inst.1Hour.0.lrldlb-rev,WestFork.Flow-Inflow.Ave.1Hour.1Hour.lrldlb-rev,WestFork.Flow-Outflow.Ave.1Hour.1Hour.lrldlb-rev,675.0,675.0,702.0
